Workbook

Sheet Inputs
A1: Accreditation Platform Pricing Model
A2: Compare 9 platforms at any volume — adjust inputs in blue cells
A4: A. Your volume assumptions
A5: Parameter | B5: Your value | C5: Notes
A6: Unique recipients per year | B6: 500 | C6: People who receive ≥1 credential
A7: Avg credentials per recipient | B7: 1.5 | C7: e.g. 1 badge + 1 cert = 2
A8: Total credentials issued / year | B8: =B6*B7 -> 750 | C8: Calculated
A9: Annual growth rate (%) | B9: 0.1 | C9: For 3-year TCO projection
A11: B. Platform pricing assumptions (blue = editable inputs)
A12: Platform | B12: Pricing model | C12: Entry price (USD/yr) | D12: Volume included | E12: Cost per extra unit (USD) | F12: Source / notes
A13: Credly (Pearson) | B13: Per badge / volume tier | C13: 3000 | D13: 500 | E13: 4 | F13: Source: Certifier.io benchmark, Apr 2025. $500 onboarding fee NOT included. Tiers: 500=$3k, 1k=$5k, 2.5k=$8.5k, 5k=$11k, 10k=$20k
A14: Accredible | B14: Per unique recipient / year | C14: 996 | D14: 250 | E14: 3.98 | F14: Source: accredible.com/pricing, 2025. Launch plan only. Connect/Growth: custom — use benchmark $14.7k–$30.5k (Vendr, 2025)
A15: Certifier | B15: Per credential issued / year | C15: 804 | D15: 1000 | E15: 0.8 | F15: Source: certifier.io/pricing, 2025. $67/mo annual. Premium: $339/mo (~$4k/yr) for 5k creds. Extra unit = overage est.
A16: Sertifier | B16: Per unique recipient / year | C16: 900 | D16: 1000 | E16: 0.09 | F16: Source: sertifier.com/pricing & G2, 2025. $75/mo=Essentials (1k recip), $167/mo=Pro (5k recip). Extra unit = incremental cost Pro vs Essentials
A17: Virtualbadge.io | B17: Monthly flat / volume | C17: 708 | D17: — | E17: — | F17: Source: certifier.io comparison, 2025. $59/mo entry. Enterprise custom >entry tier. Single template at entry.
A18: CertifyMe | B18: Per credential issued / year | C18: 780 | D18: 2000 | E18: 0.09 | F18: Source: sertifier.com/blog/best-certifyme-alternatives, 2025. ~$65/mo Standard (2k creds), ~$200/mo WhiteLabel (8k creds)
A19: Certopus | B19: Monthly flat | C19: 348 | D19: — | E19: — | F19: Source: original research table. $29/mo. No published volume caps found — treat as flat.
A20: Give My Certificate | B20: Monthly flat / low-cost | C20: 120 | D20: — | E20: — | F20: Source: original research table / hyperstack.com blog, 2025. ~$10/mo, volume-based tiers exist.
A21: BadgeCert | B21: Enterprise contract (custom) | C21: Custom | D21: — | E21: — | F21: Source: No public pricing. Enterprise-only. Quote required. Comparable to Credly tier.
A23: Legend: Blue = editable input | Black = calculated | Green = linked from other sheet | Yellow = key input cell

Sheet Scenario Calculator
A1: Scenario Cost Calculator — Annual total cost at your volume
A2: Costs pull from Inputs sheet. Cost logic: recipient-based platforms = entry + overage; credential-based platforms = entry + overage per credential.
A3: ↑ inputs from Inputs sheet | B3: Recipients / year | C3: Creds / recipient | D3: Total creds / year
B4: =Inputs!B6 -> 500 | C4: =Inputs!B7 -> 1.5 | D4: =Inputs!B8 -> 750
A5: Platform | B5: Pricing logic | C5: Year 1 cost | D5: Year 2 cost | E5: Year 3 cost | F5: 3-yr total | G5: Cost / recipient (Yr 1)
A6: =Inputs!A13 -> Credly (Pearson) | B6: Recipient-based tiers (badge vol) | C6: =IF(ISNUMBER(Inputs!C13),Inputs!C13+MAX(0,(Inputs!B6-Inputs!D13)*Inputs!E13),"-") -> 3000 | D6: =IF(ISNUMBER(C6),C6*(1+Inputs!B9),"-") -> 3300 | E6: =IF(ISNUMBER(D6),D6*(1+Inputs!B9),"-") -> 3630 | F6: =IF(ISNUMBER(C6),C6+D6+E6,"-") -> 9930 | G6: =IF(AND(ISNUMBER(C6),Inputs!B6>0),C6/Inputs!B6,"-") -> 6
A7: =Inputs!A14 -> Accredible | B7: Per unique recipient + overage | C7: =IF(ISNUMBER(Inputs!C14),Inputs!C14+MAX(0,(Inputs!B6-Inputs!D14)*Inputs!E14),"-") -> 1991 | D7: =IF(ISNUMBER(C7),C7*(1+Inputs!B9),"-") -> 2190.1 | E7: =IF(ISNUMBER(D7),D7*(1+Inputs!B9),"-") -> 2409.11 | F7: =IF(ISNUMBER(C7),C7+D7+E7,"-") -> 6590.21 | G7: =IF(AND(ISNUMBER(C7),Inputs!B6>0),C7/Inputs!B6,"-") -> 3.982
A8: =Inputs!A15 -> Certifier | B8: Per credential cap + overage | C8: =IF(ISNUMBER(Inputs!C15),Inputs!C15+MAX(0,(Inputs!B8-Inputs!D15)*Inputs!E15),"-") -> 804 | D8: =IF(ISNUMBER(C8),C8*(1+Inputs!B9),"-") -> 884.4 | E8: =IF(ISNUMBER(D8),D8*(1+Inputs!B9),"-") -> 972.84 | F8: =IF(ISNUMBER(C8),C8+D8+E8,"-") -> 2661.24 | G8: =IF(AND(ISNUMBER(C8),Inputs!B6>0),C8/Inputs!B6,"-") -> 1.608
A9: =Inputs!A16 -> Sertifier | B9: Per unique recipient + overage | C9: =IF(ISNUMBER(Inputs!C16),Inputs!C16+MAX(0,(Inputs!B6-Inputs!D16)*Inputs!E16),"-") -> 900 | D9: =IF(ISNUMBER(C9),C9*(1+Inputs!B9),"-") -> 990 | E9: =IF(ISNUMBER(D9),D9*(1+Inputs!B9),"-") -> 1089 | F9: =IF(ISNUMBER(C9),C9+D9+E9,"-") -> 2979 | G9: =IF(AND(ISNUMBER(C9),Inputs!B6>0),C9/Inputs!B6,"-") -> 1.8
A10: =Inputs!A17 -> Virtualbadge.io | B10: Flat monthly plan | C10: =IF(ISNUMBER(Inputs!C17),Inputs!C17,"-") -> 708 | D10: =IF(ISNUMBER(C10),C10*(1+Inputs!B9),"-") -> 778.8 | E10: =IF(ISNUMBER(D10),D10*(1+Inputs!B9),"-") -> 856.68 | F10: =IF(ISNUMBER(C10),C10+D10+E10,"-") -> 2343.48 | G10: =IF(AND(ISNUMBER(C10),Inputs!B6>0),C10/Inputs!B6,"-") -> 1.416
A11: =Inputs!A18 -> CertifyMe | B11: Per credential cap + overage | C11: =IF(ISNUMBER(Inputs!C18),Inputs!C18+MAX(0,(Inputs!B8-Inputs!D18)*Inputs!E18),"-") -> 780 | D11: =IF(ISNUMBER(C11),C11*(1+Inputs!B9),"-") -> 858 | E11: =IF(ISNUMBER(D11),D11*(1+Inputs!B9),"-") -> 943.8 | F11: =IF(ISNUMBER(C11),C11+D11+E11,"-") -> 2581.8 | G11: =IF(AND(ISNUMBER(C11),Inputs!B6>0),C11/Inputs!B6,"-") -> 1.56
A12: =Inputs!A19 -> Certopus | B12: Flat monthly plan | C12: =IF(ISNUMBER(Inputs!C19),Inputs!C19,"-") -> 348 | D12: =IF(ISNUMBER(C12),C12*(1+Inputs!B9),"-") -> 382.8 | E12: =IF(ISNUMBER(D12),D12*(1+Inputs!B9),"-") -> 421.08 | F12: =IF(ISNUMBER(C12),C12+D12+E12,"-") -> 1151.88 | G12: =IF(AND(ISNUMBER(C12),Inputs!B6>0),C12/Inputs!B6,"-") -> 0.696
A13: =Inputs!A20 -> Give My Certificate | B13: Flat monthly plan | C13: =IF(ISNUMBER(Inputs!C20),Inputs!C20,"-") -> 120 | D13: =IF(ISNUMBER(C13),C13*(1+Inputs!B9),"-") -> 132 | E13: =IF(ISNUMBER(D13),D13*(1+Inputs!B9),"-") -> 145.2 | F13: =IF(ISNUMBER(C13),C13+D13+E13,"-") -> 397.2 | G13: =IF(AND(ISNUMBER(C13),Inputs!B6>0),C13/Inputs!B6,"-") -> 0.24
A14: =Inputs!A21 -> BadgeCert | B14: Enterprise custom (no calc) | C14: "— (custom quote)" | D14: "—" | E14: "—" | F14: "—" | G14: "—"
A15: Best value (min) | C15: =MIN(IF(ISNUMBER(C6:C14),C6:C14)) -> 0 | D15: =MIN(IF(ISNUMBER(D6:D14),D6:D14)) -> 0 | E15: =MIN(IF(ISNUMBER(E6:E14),E6:E14)) -> 0 | F15: =MIN(IF(ISNUMBER(F6:F14),F6:F14)) -> 0 | G15: =MIN(IF(ISNUMBER(G6:G14),G6:G14)) -> 0
A16: Cheapest platform | C16: =INDEX(A6:A13,MATCH(MIN(C6:C13),C6:C13,0)) -> Give My Certificate | F16: =INDEX(A6:A13,MATCH(MIN(F6:F13),F6:F13,0)) -> Give My Certificate
A18: Model notes: 1) Credly entry price uses $3,000 (500-badge tier) — adjust in Inputs if your volume matches a different tier. 2) Accredible: Connect/Growth tiers are custom-quoted; this model uses Launch pricing only — not valid above ~250 recipients. 3) Certifier: cap is per credential issued, not per recipient. At avg >1 cred/recipient the 1,000-cred entry plan is exhausted quickly. 4) Sertifier: overage cost is approximated as marginal cost of upgrading Essentials→Pro over volume. 5) Year 2/3 costs apply your growth rate assumption as a volume proxy; actual pricing may step-change at tier boundaries.

Sheet Platform Deep-Dive
A1: Platform Tier Ladders & Per-Unit Economics
A2: Hardcoded published price points. Use to verify which tier your volume falls into before reading Scenario Calculator.
A4: Credly (Pearson) — badge volume tiers (source: certifier.io, Apr 2025)
A5: Tier | B5: Badges/year | C5: Annual fee | D5: Onboarding | E5: Total Yr1 | F5: Cost/badge | G5: Notes
A6: Starter | B6: 500 | C6: 3000 | D6: 500 | E6: =C6+D6 -> 3500 | F6: =C6/B6 -> 6 | G6: Entry; $500 onboarding
A7: Growth | B7: 1000 | C7: 5000 | D7: 1000 | E7: =C7+D7 -> 6000 | F7: =C7/B7 -> 5
A8: Mid | B8: 2500 | C8: 8500 | D8: 1000 | E8: =C8+D8 -> 9500 | F8: =C8/B8 -> 3.4 | G8: ~median benchmark
A9: Scale | B9: 5000 | C9: 11000 | D9: 1000 | E9: =C9+D9 -> 12000 | F9: =C9/B9 -> 2.2
A10: Enterprise | B10: 10000 | C10: 20000 | D10: 5000 | E10: =C10+D10 -> 25000 | F10: =C10/B10 -> 2 | G10: $5k onboarding
A13: Sertifier — recipient-based tiers (source: sertifier.com, G2, 2025)
A14: Plan | B14: Recipients | C14: Monthly price | D14: Annual price | E14: Cost/recipient | F14: Features | G14: Notes
A15: Essentials | B15: 1000 | C15: 75 | D15: =C15*12 -> 900 | E15: =D15/B15 -> 0.9 | F15: Automation, integrations, analytics
A16: Pro | B16: 5000 | C16: 167 | D16: =C16*12 -> 2004 | E16: =D16/B16 -> 0.4008 | F16: + branding, custom domain, adv analytics
A17: Enterprise | B17: Custom | F17: + SSO, white-label, dedicated AM | G17: Quote required
A20: Accredible — recipient-based tiers (source: accredible.com + Vendr, 2025)
A21: Plan | B21: Recipients | C21: Annual price | D21: Source | E21: Cost/recipient | F21: Notes
A22: Launch | B22: 250 | C22: 996 | D22: Public | E22: =C22/B22 -> 3.984 | F22: Entry plan only; no advanced analytics/integrations
A23: Connect | B23: 250+ | C23: Custom | D23: Quote-only | E23: — | F23: Estimated $14,700–$30,500 (Vendr, 200 headcount)
A24: Growth | B24: High | C24: Custom | D24: Quote-only | E24: — | F24: Estimated $36,200–$83,100 (Vendr, 1000+ headcount)
A27: Certifier — annual credential cap tiers (source: support.certifier.io + G2, 2025)
A28: Plan | B28: Creds/year | C28: Annual price | D28: Monthly equiv. | E28: Cost/credential | F28: Notes
A29: Starter (free) | B29: 250 | C29: 0 | D29: 0 | E29: =C29/B29 -> 0 | F29: Free; limited branding
A30: Professional | B30: 1000 | C30: 804 | D30: 67 | E30: =C30/B30 -> 0.804 | F30: $67/mo annual
A31: Premium | B31: 5000 | C31: 4068 | D31: 339 | E31: =C31/B31 -> 0.8136 | F31: $339/mo; custom fonts, domain
A32: Enterprise | B32: Custom | C32: Custom | E32: — | F32: Quote required

Sheet TCO Summary
A1: 3-Year Total Cost of Ownership Summary
A2: Ranks platforms by 3-year TCO from Scenario Calculator. Includes colour-coded value tiers.
A3: ="Model volume: "&TEXT('Scenario Calculator'!C4,"#,##0")&" recipients | "&TEXT('Scenario Calculator'!D4,"0.0")&" creds/recipient | "&TEXT('Scenario Calculator'!E4,"#,##0")&" total credentials" -> Model volume: 2 recipients | 750.0 creds/recipient | 0 total credentials
A5: Platform | B5: Yr 1 cost | C5: Yr 2 cost (est.) | D5: 3-yr total | E5: Pricing transparency
A6: ='Scenario Calculator'!A6 -> Credly (Pearson) | B6: ='Scenario Calculator'!C6 -> 3000 | C6: ='Scenario Calculator'!D6 -> 3300 | D6: ='Scenario Calculator'!F6 -> 9930 | E6: ❌ Quote only
A7: ='Scenario Calculator'!A7 -> Accredible | B7: ='Scenario Calculator'!C7 -> 1991 | C7: ='Scenario Calculator'!D7 -> 2190.1 | D7: ='Scenario Calculator'!F7 -> 6590.21 | E7: ⚠ Launch public; upper tiers quote
A8: ='Scenario Calculator'!A8 -> Certifier | B8: ='Scenario Calculator'!C8 -> 804 | C8: ='Scenario Calculator'!D8 -> 884.4 | D8: ='Scenario Calculator'!F8 -> 2661.24 | E8: ✅ Fully public
A9: ='Scenario Calculator'!A9 -> Sertifier | B9: ='Scenario Calculator'!C9 -> 900 | C9: ='Scenario Calculator'!D9 -> 990 | D9: ='Scenario Calculator'!F9 -> 2979 | E9: ✅ Fully public
A10: ='Scenario Calculator'!A10 -> Virtualbadge.io | B10: ='Scenario Calculator'!C10 -> 708 | C10: ='Scenario Calculator'!D10 -> 778.8 | D10: ='Scenario Calculator'!F10 -> 2343.48 | E10: ✅ Fully public
A11: ='Scenario Calculator'!A11 -> CertifyMe | B11: ='Scenario Calculator'!C11 -> 780 | C11: ='Scenario Calculator'!D11 -> 858 | D11: ='Scenario Calculator'!F11 -> 2581.8 | E11: ✅ Fully public
A12: ='Scenario Calculator'!A12 -> Certopus | B12: ='Scenario Calculator'!C12 -> 348 | C12: ='Scenario Calculator'!D12 -> 382.8 | D12: ='Scenario Calculator'!F12 -> 1151.88 | E12: ✅ Fully public
A13: ='Scenario Calculator'!A13 -> Give My Certificate | B13: ='Scenario Calculator'!C13 -> 120 | C13: ='Scenario Calculator'!D13 -> 132 | D13: ='Scenario Calculator'!F13 -> 397.2 | E13: ✅ Fully public
A14: ='Scenario Calculator'!A14 -> BadgeCert | B14: ='Scenario Calculator'!C14 -> "— (custom quote)" | C14: ='Scenario Calculator'!D14 -> "—" | D14: ='Scenario Calculator'!F14 -> "—" | E14: ❌ Quote only
A16: Key findings
A17: Cheapest Yr 1 | B17: =INDEX('Scenario Calculator'!A6:A13,MATCH(MIN('Scenario Calculator'!C6:C13),'Scenario Calculator'!C6:C13,0)) -> Give My Certificate
A18: Cheapest 3-yr TCO | B18: =INDEX('Scenario Calculator'!A6:A13,MATCH(MIN('Scenario Calculator'!F6:F13),'Scenario Calculator'!F6:F13,0)) -> Give My Certificate
A19: Most expensive Yr 1 | B19: =INDEX('Scenario Calculator'!A6:A13,MATCH(MAX('Scenario Calculator'!C6:C13),'Scenario Calculator'!C6:C13,0)) -> Credly (Pearson)
A20: 3-yr cost spread | B20: =TEXT(MAX(IF(ISNUMBER('Scenario Calculator'!F6:F14),'Scenario Calculator'!F6:F14))-MIN(IF(ISNUMBER('Scenario Calculator'!F6:F14),'Scenario Calculator'!F6:F14)),"$#,##0")&" between cheapest and most expensive" -> $0 between cheapest and most expensive
